Order ID,Customer Name,Product Name,Quantity,Unit Price
ORD001,John Doe,Product A,5,12.99
ORD002,Jane Smith,Product B,3,19.95
ORD003,Michael Johnson,Product C,2,9.99
ORD004,Emily Davis,Product A,7,12.99
ORD005,William Wilson,Product B,4,19.95
ORD006,Susan Brown,Product C,6,9.99
ORD007,David Lee,Product A,2,12.99
ORD008,Linda Wilson,Product B,1,19.95
ORD009,Robert Johnson,Product C,3,9.99
ORD010,Sarah Taylor,Product A,8,12.99
ORD011,James Smith,Product B,5,19.95
ORD012,Karen White,Product C,4,9.99
ORD013,Thomas Davis,Product A,3,12.99
ORD014,Mary Johnson,Product B,2,19.95
ORD015,Christopher Adams,Product C,1,9.99
ORD016,Patricia Harris,Product A,4,12.99
ORD017,Michael Brown,Product B,7,19.95
ORD018,Laura Clark,Product C,5,9.99
ORD019,Matthew Anderson,Product A,6,12.99
ORD020,Elizabeth Evans,Product B,8,19.95
ORD021,John Smith,Product C,3,9.99
ORD022,Deborah Lewis,Product A,2,12.99
ORD023,Richard Moore,Product B,6,19.95
ORD024,Karen Miller,Product C,4,9.99
ORD025,William Davis,Product A,3,12.99
ORD026,Susan Allen,Product B,5,19.95
ORD027,David Wilson,Product C,7,9.99
